id,date_posted,date_created,title,organization,organization_url,date_validthrough,locations_raw,locations_alt_raw,location_type,location_requirements_raw,salary_raw,employment_type,url,source_type,source,source_domain,organization_logo,cities_derived,counties_derived,regions_derived,countries_derived,locations_derived,timezones_derived,lats_derived,lngs_derived,remote_derived,domain_derived
1888831626,2025-10-21T03:18:00,2025-10-20T05:21:00.911545,Coordinador(a) de Prácticas Clínicas - Caguas,NATIONAL COLLEGE OF BUSINESS & TECHNOLOGY,https://workforcenow.adp.com/mascsr/default/mdf/recruitment/recruitment.html?cid=20fa69cd-7a48-410e-9cba-87c44786fb7b,,"[{'@type': 'Place', 'address': {'@type': 'PostalAddress', 'streetAddress': '', 'addressLocality': ' Caguas, PR, US', 'addressRegion': 'PR', 'postalCode': '00725', 'addressCountry': ''}}]",,,,,['Full Time Adm Reg'],https://workforcenow.adp.com/mascsr/default/mdf/recruitment/recruitment.html?cid=20fa69cd-7a48-410e-9cba-87c44786fb7b&jobId=566061,ats,adp,workforcenow.adp.com,,,['Caguas'],['Puerto Rico'],['United States'],"['Caguas, Puerto Rico, United States']",['America/Puerto_Rico'],[18.236552702797205],[-66.03853796293706],False,an.edu
1888823577,2025-10-21T01:31:00,2025-10-20T04:03:42.422795,JM Wireless – GA Camellia Blvd - FT RSR - Metro by T-Mobile,TCC Wireless LLC,https://workforcenow.adp.com/mascsr/default/mdf/recruitment/recruitment.html?cid=c509dd1a-a0b0-4d58-97fe-66ba6840413d,,"[{'@type': 'Place', 'address': {'@type': 'PostalAddress', 'streetAddress': '', 'addressLocality': ' Fort Valley, GA, US', 'addressRegion': 'GA', 'postalCode': '31030', 'addressCountry': ''}}]",,,,,['Full Time Regular'],https://workforcenow.adp.com/mascsr/default/mdf/recruitment/recruitment.html?cid=c509dd1a-a0b0-4d58-97fe-66ba6840413d&jobId=550958,ats,adp,workforcenow.adp.com,,['Fort Valley'],['Peach County'],['Georgia'],['United States'],"['Fort Valley, Georgia, United States']",['America/New_York'],[32.558205128854624],[-83.88978791718063],False,tccmobile.com
1888924353,2025-10-21T00:00:00,2025-10-20T12:30:57.363186,Apprentice Aircraft Tradesperson,RTX,,,"[{'@type': 'Place', 'address': {'@type': 'PostalAddress', 'addressCountry': 'New Zealand', 'addressLocality': 'LOC8002: 115 Orchard Road, Christchurch, 8051 NZ, 115 Orchard Road, Christchurch, Christchurch, 8051 New Zealand'}}]","['LOC8002: 115 Orchard Road, Christchurch, 8051 NZ, 115 Orchard Road, Christchurch, Christchurch,  8051 New Zealand']",,,,['FULL_TIME'],https://globalhr.wd5.myworkdayjobs.com/REC_RTX_Ext_Gateway/job/LOC8002-115-Orchard-Road-Christchurch-8051-NZ-115-Orchard-Road-Christchurch-Christchurch--8051-New-Zealand/Apprentice-Aircraft-Tradesperson_01801227,ats,workday,globalhr.wd5.myworkdayjobs.com,,['Christchurch'],['Christchurch City'],['Canterbury'],['New Zealand'],"['Christchurch, Canterbury, New Zealand']",['Pacific/Auckland'],[-43.4823381],[172.5509989],False,rtx.com
1888924154,2025-10-21T00:00:00,2025-10-20T12:29:42.996549,Territory Business Manager,Dexcom,,2025-10-22T00:00:00,"[{'@type': 'Place', 'address': {'@type': 'PostalAddress', 'addressCountry': 'New Zealand', 'addressLocality': 'Remote New Zealand'}}]",['Remote - New Zealand'],TELECOMMUTE,"[{'@type': 'Country', 'name': 'New Zealand'}]",,['FULL_TIME'],https://dexcom.wd1.myworkdayjobs.com/Dexcom/job/Remote---New-Zealand/Territory-Business-Manager_JR114755,ats,workday,dexcom.wd1.myworkdayjobs.com,,,,,['New Zealand'],['New Zealand'],['Pacific/Auckland'],[-41.5000831],[172.8344077],True,dexcom.com
1888787548,2025-10-21T00:00:00,2025-10-20T00:28:56.302669,Now Hiring: Licensed School Psychologist!,Clarifi Staffing Solutions,www.clarifistaffing.com,2025-11-18T21:59:00,"[{'address': {'addressCountry': 'us', '@type': 'PostalAddress', 'postalCode': '60644', 'addressLocality': 'Chicago', 'addressRegion': 'IL'}, '@type': 'Place'}]",,,,,,https://clarifistaffing.zohorecruit.com/jobs/Careers/422351000007707065/Now-Hiring-Licensed-School-Psychologist-,ats,zoho,clarifistaffing.zohorecruit.com,,['Chicago'],['Cook County'],['Illinois'],['United States'],"['Chicago, Illinois, United States']",['America/Chicago'],[41.880084],[-87.756373],False,clarifistaffing.com
1888787544,2025-10-21T00:00:00,2025-10-20T00:28:55.971824,Engaging School Psychologist – Immediate Hiring!,Clarifi Staffing Solutions,www.clarifistaffing.com,2025-11-18T22:29:00,"[{'address': {'addressCountry': 'us', '@type': 'PostalAddress', 'postalCode': '60532', 'addressLocality': 'Lisle', 'addressRegion': 'IL'}, '@type': 'Place'}]",,,,,,https://clarifistaffing.zohorecruit.com/jobs/Careers/422351000007707083/Engaging-School-Psychologist-%E2%80%93-Immediate-Hiring-,ats,zoho,clarifistaffing.zohorecruit.com,,['Lisle'],['DuPage County'],['Illinois'],['United States'],"['Lisle, Illinois, United States']",['America/Chicago'],[41.78694450654952],[-88.07951517939297],False,clarifistaffing.com
1888824832,2025-10-20T23:49:00,2025-10-20T04:07:53.641972,"Registered Nurse - Bay Area, CA",PLANNED PARENTHOOD SHASTA-DIABLO,https://workforcenow.adp.com/mascsr/default/mdf/recruitment/recruitment.html?cid=5ad0a240-b749-48bc-95a0-36f70a4b29cd,,"[{'@type': 'Place', 'address': {'@type': 'PostalAddress', 'streetAddress': '', 'addressLocality': ' Walnut Creek, CA, US', 'addressRegion': 'CA', 'postalCode': '94596', 'addressCountry': ''}}, {'@type': 'Place', 'address': {'@type': 'PostalAddress', 'streetAddress': '', 'addressLocality': ' Richmond, CA, US', 'addressRegion': 'CA', 'postalCode': '94806', 'addressCountry': ''}}]",,,,,['Part-time 20-39 hpw Full-Time'],https://workforcenow.adp.com/mascsr/default/mdf/recruitment/recruitment.html?cid=5ad0a240-b749-48bc-95a0-36f70a4b29cd&jobId=941998,ats,adp,workforcenow.adp.com,,"['Walnut Creek', 'Richmond']","['Contra Costa County', 'Contra Costa County']","['California', 'California']","['United States', 'United States']","['Richmond, California, United States', 'Walnut Creek, California, United States']","['America/Los_Angeles', 'America/Los_Angeles']","[37.900505205976096, 37.98079]","[-122.0600853932271, -122.337627]",False,plannedparenthood.org
1888835666,2025-10-20T23:22:00,2025-10-20T05:52:23.931848,Lead Guest Services Staff,Catholic Social Services Inc,https://workforcenow.adp.com/mascsr/default/mdf/recruitment/recruitment.html?cid=cb4f0bf6-a6e2-4a3d-9347-3d1c144f3f1f,,"[{'@type': 'Place', 'address': {'@type': 'PostalAddress', 'streetAddress': '', 'addressLocality': ' Anchorage, AK, US', 'addressRegion': 'AK', 'postalCode': '99508', 'addressCountry': ''}}]",,,,"{'@type': 'MonetaryAmount', 'currency': 'USD', 'value': {'@type': 'QuantitativeValue', 'minValue': 19, 'maxValue': 23, 'unitText': 'HOUR'}}",['FT Hrly Ben El'],https://workforcenow.adp.com/mascsr/default/mdf/recruitment/recruitment.html?cid=cb4f0bf6-a6e2-4a3d-9347-3d1c144f3f1f&jobId=942171,ats,adp,workforcenow.adp.com,,['Anchorage'],,['Alaska'],['United States'],"['Anchorage, Alaska, United States']",['America/Anchorage'],[61.19826343695652],[-149.82008646376812],False,colscss.org
1888831084,2025-10-20T23:01:00,2025-10-20T05:08:50.520894,Unit Secretary/MDU/Full-time Days,KPC GLOBAL MEDICAL CENTERS INC.,https://workforcenow.adp.com/mascsr/default/mdf/recruitment/recruitment.html?cid=1a214979-2739-4245-a1d1-38dc8531018f,,"[{'@type': 'Place', 'address': {'@type': 'PostalAddress', 'streetAddress': '', 'addressLocality': 'Menifee Global Medical Center, Menifee, CA, US', 'addressRegion': 'CA', 'postalCode': '92585', 'addressCountry': ''}}]",,,,"{'@type': 'MonetaryAmount', 'currency': 'USD', 'value': {'@type': 'QuantitativeValue', 'minValue': 21, 'maxValue': 24.6, 'unitText': 'HOUR'}}",['OT12-Benefited'],https://workforcenow.adp.com/mascsr/default/mdf/recruitment/recruitment.html?cid=1a214979-2739-4245-a1d1-38dc8531018f&jobId=561931,ats,adp,workforcenow.adp.com,,['Menifee'],['Riverside County'],['California'],['United States'],"['Menifee, California, United States']",['America/Los_Angeles'],[33.71948485],[-117.16782253720291],False,kpchealth.com
1888823637,2025-10-20T21:54:00,2025-10-20T04:04:28.536834,Navigation Specialist,Sunstone Way,https://workforcenow.adp.com/mascsr/default/mdf/recruitment/recruitment.html?cid=e75c2b06-e29a-4821-8d1c-b1f44ea52c64,,"[{'@type': 'Place', 'address': {'@type': 'PostalAddress', 'streetAddress': '', 'addressLocality': ' Portland, OR, US', 'addressRegion': 'OR', 'postalCode': '97217', 'addressCountry': ''}}]",,,,"{'@type': 'MonetaryAmount', 'currency': 'USD', 'value': {'@type': 'QuantitativeValue', 'minValue': 0, 'maxValue': 28.89, 'unitText': 'HOUR'}}",['Full Time'],https://workforcenow.adp.com/mascsr/default/mdf/recruitment/recruitment.html?cid=e75c2b06-e29a-4821-8d1c-b1f44ea52c64&jobId=604153,ats,adp,workforcenow.adp.com,,['Portland'],['Multnomah County'],['Oregon'],['United States'],"['Portland, Oregon, United States']",['America/Los_Angeles'],[45.601815],[-122.700799],False,sunstoneway.org
1888834313,2025-10-20T21:30:00,2025-10-20T05:42:29.732782,Intern,New York State Energy Research,https://workforcenow.adp.com/mascsr/default/mdf/recruitment/recruitment.html?cid=db0fd5d5-0b44-4cee-94ab-8a4f6c5e4ba3,,"[{'@type': 'Place', 'address': {'@type': 'PostalAddress', 'streetAddress': '', 'addressLocality': ' New York, NY, US', 'addressRegion': 'NY', 'postalCode': '10018', 'addressCountry': ''}}]",,,,,,https://workforcenow.adp.com/mascsr/default/mdf/recruitment/recruitment.html?cid=db0fd5d5-0b44-4cee-94ab-8a4f6c5e4ba3&jobId=579258,ats,adp,workforcenow.adp.com,,['New York'],['New York County'],['New York'],['United States'],"['New York, New York, United States']",['America/New_York'],[40.75411208291925],[-73.99032517057454],False,nyserda.ny.gov
1888840765,2025-10-20T21:23:00,2025-10-20T06:25:40.243558,3rd Shift Maintenance Supervisor,Wm Bolthouse Farms Inc,https://workforcenow.adp.com/mascsr/default/mdf/recruitment/recruitment.html?cid=bdd456bf-a007-4552-b846-ab61632962f6,,"[{'@type': 'Place', 'address': {'@type': 'PostalAddress', 'streetAddress': '', 'addressLocality': 'USA - CA - RANCHO, RANCHO CUCAMONGA, CA, US', 'addressRegion': 'CA', 'postalCode': '91730', 'addressCountry': ''}}]",,,,"{'@type': 'MonetaryAmount', 'currency': 'USD', 'value': {'@type': 'QuantitativeValue', 'minValue': 90000, 'maxValue': 115000, 'unitText': 'YEAR'}}",['Full-Time Regular '],https://workforcenow.adp.com/mascsr/default/mdf/recruitment/recruitment.html?cid=bdd456bf-a007-4552-b846-ab61632962f6&jobId=537126,ats,adp,workforcenow.adp.com,,['Rancho Cucamonga'],['San Bernardino County'],['California'],['United States'],"['Rancho Cucamonga, California, United States']",['America/Los_Angeles'],[34.099704],[-117.594368],False,bolthouse.com
1888825454,2025-10-20T20:58:00,2025-10-20T04:09:46.520882,Department Head - Mechanical Engineering,Stratus Team LLC,https://workforcenow.adp.com/mascsr/default/mdf/recruitment/recruitment.html?cid=d4789783-b8a6-4dcb-84c5-16ccea1661ff,,"[{'@type': 'Place', 'address': {'@type': 'PostalAddress', 'streetAddress': '', 'addressLocality': ' Huntington, WV, US', 'addressRegion': 'WV', 'postalCode': '25701', 'addressCountry': ''}}, {'@type': 'Place', 'address': {'@type': 'PostalAddress', 'streetAddress': '', 'addressLocality': ' Coraopolis, PA, US', 'addressRegion': 'PA', 'postalCode': '15108', 'addressCountry': ''}}]",,,,"{'@type': 'MonetaryAmount', 'currency': 'USD', 'value': {'@type': 'QuantitativeValue', 'minValue': 140000, 'maxValue': 165000, 'unitText': 'YEAR'}}",['Full Time'],https://workforcenow.adp.com/mascsr/default/mdf/recruitment/recruitment.html?cid=d4789783-b8a6-4dcb-84c5-16ccea1661ff&jobId=546262,ats,adp,workforcenow.adp.com,,"['Coraopolis', 'Huntington']","['Allegheny County', 'Cabell County']","['Pennsylvania', 'West Virginia']","['United States', 'United States']","['Coraopolis, Pennsylvania, United States', 'Huntington, West Virginia, United States']","['America/New_York', 'America/New_York']","[40.506318085339544, 38.411117405862505]","[-80.1522178122911, -82.43926442724589]",False,stratusteam.com
1888829788,2025-10-20T20:45:00,2025-10-20T04:51:33.346739,"Credit Analyst I (Full Time) - Dallas, Sterling Plaza",PROSPERITY BANK,https://workforcenow.adp.com/mascsr/default/mdf/recruitment/recruitment.html?cid=0641fe9c-396e-4553-9639-31df68225aa4,,"[{'@type': 'Place', 'address': {'@type': 'PostalAddress', 'streetAddress': '', 'addressLocality': ' Dallas, TX, US', 'addressRegion': 'TX', 'postalCode': '75225', 'addressCountry': ''}}]",,,,,['Full Time'],https://workforcenow.adp.com/mascsr/default/mdf/recruitment/recruitment.html?cid=0641fe9c-396e-4553-9639-31df68225aa4&jobId=592187,ats,adp,workforcenow.adp.com,,['University Park'],['Dallas County'],['Texas'],['United States'],"['University Park, Texas, United States']",['America/Chicago'],[32.86512793125],[-96.79251500856482],False,prosperitybankusa.com
1888826910,2025-10-20T20:45:00,2025-10-20T04:31:42.613285,"Credit Analyst I (Full Time) - Dallas, Sterling Plaza",PROSPERITY BANK,https://workforcenow.adp.com/mascsr/default/mdf/recruitment/recruitment.html?cid=009d7dae-06f5-4976-bb97-c97601e32efe,,"[{'@type': 'Place', 'address': {'@type': 'PostalAddress', 'streetAddress': '', 'addressLocality': ' Dallas, TX, US', 'addressRegion': 'TX', 'postalCode': '75225', 'addressCountry': ''}}]",,,,,['Full Time'],https://workforcenow.adp.com/mascsr/default/mdf/recruitment/recruitment.html?cid=009d7dae-06f5-4976-bb97-c97601e32efe&jobId=592187,ats,adp,workforcenow.adp.com,,['University Park'],['Dallas County'],['Texas'],['United States'],"['University Park, Texas, United States']",['America/Chicago'],[32.86512793125],[-96.79251500856482],False,prosperitybankusa.com
1888825867,2025-10-20T20:13:00,2025-10-20T04:17:23.891545,FINANCIAL ANALYST,WHEDA,https://workforcenow.adp.com/mascsr/default/mdf/recruitment/recruitment.html?cid=1f638d85-4ff7-4a50-b23d-48cc9868e582,,"[{'@type': 'Place', 'address': {'@type': 'PostalAddress', 'streetAddress': '', 'addressLocality': ' Madison, WI, US', 'addressRegion': 'WI', 'postalCode': '53701-1728', 'addressCountry': ''}}]",,,,"{'@type': 'MonetaryAmount', 'currency': 'USD', 'value': {'@type': 'QuantitativeValue', 'minValue': 71670, 'maxValue': 88735, 'unitText': 'YEAR'}}",['Regular Full-Time'],https://workforcenow.adp.com/mascsr/default/mdf/recruitment/recruitment.html?cid=1f638d85-4ff7-4a50-b23d-48cc9868e582&jobId=592991,ats,adp,workforcenow.adp.com,,['Madison'],['Dane County'],['Wisconsin'],['United States'],"['Madison, Wisconsin, United States']",['America/Chicago'],[43.10054805],[-89.34561365],False,wheda.com
1888834265,2025-10-20T19:53:00,2025-10-20T05:42:19.633155,Quality Assurance Analytical Technician (2nd Shift),The Mennel Milling Company,https://workforcenow.adp.com/mascsr/default/mdf/recruitment/recruitment.html?cid=137cf12a-ed51-4d64-a5bf-7cc3bbf54990,,"[{'@type': 'Place', 'address': {'@type': 'PostalAddress', 'streetAddress': '', 'addressLocality': ' Newton, NC, US', 'addressRegion': 'NC', 'postalCode': '28658', 'addressCountry': ''}}]",,,,,['Full Time Regular'],https://workforcenow.adp.com/mascsr/default/mdf/recruitment/recruitment.html?cid=137cf12a-ed51-4d64-a5bf-7cc3bbf54990&jobId=557882,ats,adp,workforcenow.adp.com,,['Newton'],['Catawba County'],['North Carolina'],['United States'],"['Newton, North Carolina, United States']",['America/New_York'],[35.652541046524064],[-81.23826125155081],False,mennel.com
1888832819,2025-10-20T19:43:00,2025-10-20T05:34:36.348162,Clinical Supervisor,"Rising Ground, Inc.",https://workforcenow.adp.com/mascsr/default/mdf/recruitment/recruitment.html?cid=2344d93c-3520-410a-8158-a41fffb0f069,,"[{'@type': 'Place', 'address': {'@type': 'PostalAddress', 'streetAddress': '', 'addressLocality': ' Brooklyn, NY, US', 'addressRegion': 'NY', 'postalCode': '11201', 'addressCountry': ''}}]",,,,"{'@type': 'MonetaryAmount', 'currency': 'USD', 'value': {'@type': 'QuantitativeValue', 'value': 85000, 'unitText': 'YEAR'}}",['Full Time'],https://workforcenow.adp.com/mascsr/default/mdf/recruitment/recruitment.html?cid=2344d93c-3520-410a-8158-a41fffb0f069&jobId=942268,ats,adp,workforcenow.adp.com,,['New York'],['Kings County'],['New York'],['United States'],"['New York, New York, United States']",['America/New_York'],[40.6526006],[-73.9497211],False,risingground.org
1888830010,2025-10-20T18:53:00,2025-10-20T04:53:52.439598,Wedding Banquet Captain,Wedgewood Weddings,https://workforcenow.adp.com/mascsr/default/mdf/recruitment/recruitment.html?cid=770ca7c8-0aa1-4a5c-b53d-3811e059a55e,,"[{'@type': 'Place', 'address': {'@type': 'PostalAddress', 'streetAddress': '', 'addressLocality': ' Vallejo, CA, US', 'addressRegion': 'CA', 'postalCode': '94591', 'addressCountry': ''}}]",,,,"{'@type': 'MonetaryAmount', 'currency': 'USD', 'value': {'@type': 'QuantitativeValue', 'value': 26, 'unitText': 'HOUR'}}",['Part Time'],https://workforcenow.adp.com/mascsr/default/mdf/recruitment/recruitment.html?cid=770ca7c8-0aa1-4a5c-b53d-3811e059a55e&jobId=954640,ats,adp,workforcenow.adp.com,,['Vallejo'],['Solano County'],['California'],['United States'],"['Vallejo, California, United States']",['America/Los_Angeles'],[38.11485833465347],[-122.21658963762377],False,wedgewoodweddings.com
1888823427,2025-10-20T18:49:00,2025-10-20T04:02:03.148017,Patient Registration Scheduler-Part Time,Gun Lake Tribe,https://workforcenow.adp.com/mascsr/default/mdf/recruitment/recruitment.html?cid=92b306d5-183d-4451-b6d6-7d08e1169b24,,"[{'@type': 'Place', 'address': {'@type': 'PostalAddress', 'streetAddress': '', 'addressLocality': ' Shelbyville, MI, US', 'addressRegion': 'MI', 'postalCode': '49344', 'addressCountry': ''}}]",,,,,['Part Time'],https://workforcenow.adp.com/mascsr/default/mdf/recruitment/recruitment.html?cid=92b306d5-183d-4451-b6d6-7d08e1169b24&jobId=517682,ats,adp,workforcenow.adp.com,,['Martin Township'],['Allegan County'],['Michigan'],['United States'],"['Martin Township, Michigan, United States']",['America/Detroit'],[42.5941998],[-85.6372414],False,gunlaketribe-nsn.gov
1888831186,2025-10-20T18:42:00,2025-10-20T05:09:53.828138,Receiving Associate,Amber Interiors Inc,https://workforcenow.adp.com/mascsr/default/mdf/recruitment/recruitment.html?cid=b7bfd8ec-fcbf-47da-ab1a-f43157274e03,,"[{'@type': 'Place', 'address': {'@type': 'PostalAddress', 'streetAddress': '', 'addressLocality': ' Chatsworth, CA, US', 'addressRegion': 'CA', 'postalCode': '91311', 'addressCountry': ''}}]",,,,"{'@type': 'MonetaryAmount', 'currency': 'USD', 'value': {'@type': 'QuantitativeValue', 'minValue': 19, 'maxValue': 21, 'unitText': 'HOUR'}}",['Full Time'],https://workforcenow.adp.com/mascsr/default/mdf/recruitment/recruitment.html?cid=b7bfd8ec-fcbf-47da-ab1a-f43157274e03&jobId=549006,ats,adp,workforcenow.adp.com,,['Los Angeles'],['Los Angeles County'],['California'],['United States'],"['Los Angeles, California, United States']",['America/Los_Angeles'],[34.25064293595506],[-118.59263900674158],False,amberinteriordesign.com
1888825590,2025-10-20T18:38:00,2025-10-20T04:11:42.933549,Director of Development - Louisiana,"Ducks Unlimited, Inc.",https://workforcenow.adp.com/mascsr/default/mdf/recruitment/recruitment.html?cid=7deee1c0-b159-4fdc-8bdb-3f1d87c47510,,"[{'@type': 'Place', 'address': {'@type': 'PostalAddress', 'streetAddress': '', 'addressLocality': ' Lafayette, LA, US', 'addressRegion': 'LA', 'postalCode': '70508', 'addressCountry': ''}}]",,,,,"['Full-Time, Regular']",https://workforcenow.adp.com/mascsr/default/mdf/recruitment/recruitment.html?cid=7deee1c0-b159-4fdc-8bdb-3f1d87c47510&jobId=578709,ats,adp,workforcenow.adp.com,,['Lafayette'],['Lafayette Parish'],['Louisiana'],['United States'],"['Lafayette, Louisiana, United States']",['America/Chicago'],[30.15984864858388],[-92.02930287505447],False,ducks.org
1888823640,2025-10-20T18:34:00,2025-10-20T04:04:29.859396,Shelter Staff Part-Time,Sunstone Way,https://workforcenow.adp.com/mascsr/default/mdf/recruitment/recruitment.html?cid=e75c2b06-e29a-4821-8d1c-b1f44ea52c64,,"[{'@type': 'Place', 'address': {'@type': 'PostalAddress', 'streetAddress': '', 'addressLocality': ' Portland, OR, US', 'addressRegion': 'OR', 'postalCode': '97232', 'addressCountry': ''}}]",,,,"{'@type': 'MonetaryAmount', 'currency': 'USD', 'value': {'@type': 'QuantitativeValue', 'minValue': 0, 'maxValue': 26.23, 'unitText': 'HOUR'}}",['Part Time'],https://workforcenow.adp.com/mascsr/default/mdf/recruitment/recruitment.html?cid=e75c2b06-e29a-4821-8d1c-b1f44ea52c64&jobId=604223,ats,adp,workforcenow.adp.com,,['Portland'],['Multnomah County'],['Oregon'],['United States'],"['Portland, Oregon, United States']",['America/Los_Angeles'],[45.528929],[-122.643927],False,sunstoneway.org
1888936017,2025-10-20T17:58:22,2025-10-20T12:59:27.336671,Member Services Representative (Bilingual English & Spanish),IMA Medical Group,,,"[{'@type': 'Place', 'address': {'@type': 'PostalAddress', 'streetAddress': '6675 Westwood Blvd', 'addressLocality': 'Orlando', 'addressRegion': 'FL', 'postalCode': '32821', 'addressCountry': 'US'}}]",,,,,,https://recruiting.paylocity.com/Recruiting/Jobs/Details/3616812,ats,paylocity,recruiting.paylocity.com,https://recruiting.paylocity.com/recruiting/jobs/GetLogoFile?moduleId=36391,['Orlando'],['Orange County'],['Florida'],['United States'],"['Orlando, Florida, United States']",['America/New_York'],[28.41587765],[-81.4728915766471],False,imamedicalgroup.com
1888936097,2025-10-20T17:47:00,2025-10-20T12:59:56.036796,"Analyst, Retail",Ram Realty Advisors LLC,,,"[{'@type': 'Place', 'address': {'@type': 'PostalAddress', 'streetAddress': '2100 S. Tryon Street', 'addressLocality': 'Charlotte', 'addressRegion': 'NC', 'postalCode': '28203', 'addressCountry': 'US'}}]",,,,,,https://recruiting.paylocity.com/Recruiting/Jobs/Details/3657077,ats,paylocity,recruiting.paylocity.com,https://recruiting.paylocity.com/recruiting/jobs/GetLogoFile?moduleId=1316,['Charlotte'],['Mecklenburg County'],['North Carolina'],['United States'],"['Charlotte, North Carolina, United States']",['America/New_York'],[35.2109233],[-80.86707164301124],False,ramrealestate.com
1888936016,2025-10-20T17:42:40,2025-10-20T12:59:27.3361,Administrative Specialist,Landsman Real Estate Services Inc,,,"[{'@type': 'Place', 'address': {'@type': 'PostalAddress', 'streetAddress': '99 West Main Street', 'addressLocality': 'Rochester', 'addressRegion': 'NY', 'postalCode': '14614', 'addressCountry': 'US'}}]",,,,"{'@type': 'MonetaryAmount', 'currency': 'USD', 'value': {'@type': 'QuantitativeValue', 'minValue': 17, 'maxValue': 18, 'unitText': 'HOUR'}}",,https://recruiting.paylocity.com/Recruiting/Jobs/Details/3657076,ats,paylocity,recruiting.paylocity.com,https://recruiting.paylocity.com/recruiting/jobs/GetLogoFile?moduleId=16623,['City of Rochester'],['Monroe County'],['New York'],['United States'],"['City of Rochester, New York, United States']",['America/New_York'],[43.155159],[-77.614527],False,landsman.com
1888934224,2025-10-20T17:36:30,2025-10-20T12:55:34.720002,Lifeguard - Evenings & Weekends,YMCA OF SOUTHWEST FLORIDA,,,"[{'@type': 'Place', 'address': {'@type': 'PostalAddress', 'streetAddress': '1075 S. Euclid Ave.', 'addressLocality': 'Sarasota', 'addressRegion': 'FL', 'postalCode': '34237', 'addressCountry': 'US'}}]",,,,"{'@type': 'MonetaryAmount', 'currency': 'USD', 'value': {'@type': 'QuantitativeValue', 'minValue': 14, 'maxValue': 16, 'unitText': 'HOUR'}}",,https://recruiting.paylocity.com/Recruiting/Jobs/Details/3657061,ats,paylocity,recruiting.paylocity.com,https://recruiting.paylocity.com/recruiting/jobs/GetLogoFile?moduleId=9465,['Sarasota'],['Sarasota County'],['Florida'],['United States'],"['Sarasota, Florida, United States']",['America/New_York'],[27.324016001321375],[-82.51786728109381],False,ymcaswfl.org
1888933778,2025-10-20T17:32:06,2025-10-20T12:53:27.781496,Dental Hygienist,Fairmont Family Dentistry,,,"[{'@type': 'Place', 'address': {'@type': 'PostalAddress', 'streetAddress': '7219 Fairmont Pkwy', 'addressLocality': 'Pasadena', 'addressRegion': 'TX', 'postalCode': '77505-4612', 'addressCountry': 'US'}}]",,,,,,https://recruiting.paylocity.com/Recruiting/Jobs/Details/3657058,ats,paylocity,recruiting.paylocity.com,https://recruiting.paylocity.com/recruiting/jobs/GetLogoFile?moduleId=28327,['Pasadena'],['Harris County'],['Texas'],['United States'],"['Pasadena, Texas, United States']",['America/Chicago'],[29.65058232653061],[-95.12860695918368],False,fairmontfamdent.com
1888933470,2025-10-20T17:31:44,2025-10-20T12:52:27.320115,Highway Guardrail Foreman,Acme Barricades,,,"[{'@type': 'Place', 'address': {'@type': 'PostalAddress', 'streetAddress': '1675 Commerce Blvd.', 'addressLocality': 'MIdway', 'addressRegion': 'FL', 'postalCode': '32343', 'addressCountry': 'US'}}]",,,,,,https://recruiting.paylocity.com/Recruiting/Jobs/Details/3657049,ats,paylocity,recruiting.paylocity.com,https://recruiting.paylocity.com/recruiting/jobs/GetLogoFile?moduleId=9068,['Midway'],['Gadsden County'],['Florida'],['United States'],"['Midway, Florida, United States']",['America/New_York'],[30.497920395257232],[-84.41195648556143],False,acmebarricades.com
1888933303,2025-10-20T17:28:18,2025-10-20T12:51:57.201246,Sr Salesforce Developer,"RADcube, LLC",,,"[{'@type': 'Place', 'address': {'@type': 'PostalAddress', 'addressLocality': 'Indianapolis', 'addressRegion': 'IN', 'addressCountry': 'US'}}]",,,,,,https://recruiting.paylocity.com/Recruiting/Jobs/Details/3657043,ats,paylocity,recruiting.paylocity.com,https://recruiting.paylocity.com/recruiting/jobs/GetLogoFile?moduleId=18191,['Indianapolis'],['Marion County'],['Indiana'],['United States'],"['Indianapolis, Indiana, United States']",['America/Indiana/Indianapolis'],[39.7683331],[-86.1583502],False,radcube.com
1888933783,2025-10-20T17:21:53,2025-10-20T12:53:27.930174,Warehouse Associate,JF Petroleum Group,,,"[{'@type': 'Place', 'address': {'@type': 'PostalAddress', 'streetAddress': '1001 Spinks Road', 'addressLocality': 'Flower Mound', 'addressRegion': 'TX', 'postalCode': '75028', 'addressCountry': 'US'}}]",,,,,,https://recruiting.paylocity.com/Recruiting/Jobs/Details/3657033,ats,paylocity,recruiting.paylocity.com,https://recruiting.paylocity.com/recruiting/jobs/GetLogoFile?moduleId=10475,['Flower Mound'],['Denton County'],['Texas'],['United States'],"['Flower Mound, Texas, United States']",['America/Chicago'],[32.99882790031174],[-97.0441001121918],False,jfpetrogroup.com
1888832826,2025-10-20T17:18:00,2025-10-20T05:34:37.68201,"Director, Clinical Support Program","Rising Ground, Inc.",https://workforcenow.adp.com/mascsr/default/mdf/recruitment/recruitment.html?cid=2344d93c-3520-410a-8158-a41fffb0f069,,"[{'@type': 'Place', 'address': {'@type': 'PostalAddress', 'streetAddress': '', 'addressLocality': ' Brooklyn, NY, US', 'addressRegion': 'NY', 'postalCode': '11201', 'addressCountry': ''}}]",,,,"{'@type': 'MonetaryAmount', 'currency': 'USD', 'value': {'@type': 'QuantitativeValue', 'minValue': 95000, 'maxValue': 112000, 'unitText': 'YEAR'}}",['Full Time'],https://workforcenow.adp.com/mascsr/default/mdf/recruitment/recruitment.html?cid=2344d93c-3520-410a-8158-a41fffb0f069&jobId=942293,ats,adp,workforcenow.adp.com,,['New York'],['Kings County'],['New York'],['United States'],"['New York, New York, United States']",['America/New_York'],[40.6526006],[-73.9497211],False,risingground.org
1888934883,2025-10-20T17:17:04,2025-10-20T12:56:55.901204,Automotive Technician,Sullivan Tire & Auto Service,,,"[{'@type': 'Place', 'address': {'@type': 'PostalAddress', 'streetAddress': '22 Saco St.', 'addressLocality': 'Westbrook', 'addressRegion': 'ME', 'postalCode': '04092', 'addressCountry': 'US'}}]",,,,,,https://recruiting.paylocity.com/Recruiting/Jobs/Details/3654498,ats,paylocity,recruiting.paylocity.com,https://recruiting.paylocity.com/recruiting/jobs/GetLogoFile?moduleId=25105,['Westbrook'],['Cumberland County'],['Maine'],['United States'],"['Westbrook, Maine, United States']",['America/New_York'],[43.6761986],[-70.3712516],False,sullivantire.com
1888831208,2025-10-20T17:17:00,2025-10-20T05:11:16.323825,BluePrint Intern,Community Access Inc,https://workforcenow.adp.com/mascsr/default/mdf/recruitment/recruitment.html?cid=4e7ccb97-dd9b-43da-bba0-f849e34b9bce,,"[{'@type': 'Place', 'address': {'@type': 'PostalAddress', 'streetAddress': '', 'addressLocality': ' New York, NY, US', 'addressRegion': 'NY', 'postalCode': '10027', 'addressCountry': ''}}]",,,,,['Intern'],https://workforcenow.adp.com/mascsr/default/mdf/recruitment/recruitment.html?cid=4e7ccb97-dd9b-43da-bba0-f849e34b9bce&jobId=563175,ats,adp,workforcenow.adp.com,,['New York'],['New York County'],['New York'],['United States'],"['New York, New York, United States']",['America/New_York'],[40.81046469180809],[-73.95053070828982],False,communityaccess.org
1888934322,2025-10-20T17:15:51,2025-10-20T12:55:57.871231,Assistant Store Manager,The Good Feet Store,,,"[{'@type': 'Place', 'address': {'@type': 'PostalAddress', 'streetAddress': '50 Brick Plaza', 'addressLocality': 'Brick', 'addressRegion': 'NJ', 'postalCode': '08723', 'addressCountry': 'US'}}]",,,,"{'@type': 'MonetaryAmount', 'currency': 'USD', 'value': {'@type': 'QuantitativeValue', 'minValue': 75000, 'maxValue': 115000, 'unitText': 'YEAR'}}",,https://recruiting.paylocity.com/Recruiting/Jobs/Details/3657025,ats,paylocity,recruiting.paylocity.com,https://recruiting.paylocity.com/recruiting/jobs/GetLogoFile?moduleId=27559,['Brick Township'],['Ocean County'],['New Jersey'],['United States'],"['Brick Township, New Jersey, United States']",['America/New_York'],[40.058935250000005],[-74.14027966023154],False,goodfeet.com
1888932854,2025-10-20T17:14:14,2025-10-20T12:51:28.017654,Community Manager,HENSSLER PROPERTY MANAGEMENT,,,"[{'@type': 'Place', 'address': {'@type': 'PostalAddress', 'streetAddress': '600 Firestone Avenue', 'addressLocality': 'Muscle Shoals', 'addressRegion': 'AL', 'postalCode': '35661', 'addressCountry': 'US'}}]",,,,,,https://recruiting.paylocity.com/Recruiting/Jobs/Details/3657024,ats,paylocity,recruiting.paylocity.com,https://recruiting.paylocity.com/recruiting/jobs/GetLogoFile?moduleId=28200,['Muscle Shoals'],['Colbert County'],['Alabama'],['United States'],"['Muscle Shoals, Alabama, United States']",['America/Chicago'],[34.758962],[-87.648361],False,hensslerpm.com
1888936014,2025-10-20T17:13:47,2025-10-20T12:59:26.70014,TELLER,FARMERS AND MERCHANTS STATE BANK NEBRASKA,,,"[{'@type': 'Place', 'address': {'@type': 'PostalAddress', 'streetAddress': '89821 Highway 81', 'addressLocality': 'South Yankton', 'addressRegion': 'NE', 'postalCode': '57078', 'addressCountry': 'US'}}]",,,,,,https://recruiting.paylocity.com/Recruiting/Jobs/Details/3657023,ats,paylocity,recruiting.paylocity.com,https://recruiting.paylocity.com/recruiting/jobs/GetLogoFile?moduleId=14331,['Precinct 2'],['Cedar County'],['Nebraska'],['United States'],"['Precinct 2, Nebraska, United States']",['America/Chicago'],[42.86378085],[-97.39761225],False,
1888934320,2025-10-20T17:12:46,2025-10-20T12:55:57.554653,Store Manager,The Good Feet Store,,,"[{'@type': 'Place', 'address': {'@type': 'PostalAddress', 'streetAddress': '50 Brick Plaza', 'addressLocality': 'Brick', 'addressRegion': 'NJ', 'postalCode': '08723', 'addressCountry': 'US'}}]",,,,"{'@type': 'MonetaryAmount', 'currency': 'USD', 'value': {'@type': 'QuantitativeValue', 'minValue': 80000, 'maxValue': 115000, 'unitText': 'YEAR'}}",,https://recruiting.paylocity.com/Recruiting/Jobs/Details/3657021,ats,paylocity,recruiting.paylocity.com,https://recruiting.paylocity.com/recruiting/jobs/GetLogoFile?moduleId=27559,['Brick Township'],['Ocean County'],['New Jersey'],['United States'],"['Brick Township, New Jersey, United States']",['America/New_York'],[40.058935250000005],[-74.14027966023154],False,goodfeet.com
1888935543,2025-10-20T17:10:27,2025-10-20T12:57:49.704419,Stewarding Manager,Normandy Farm Hotel/Blue Bell County Club,,,"[{'@type': 'Place', 'address': {'@type': 'PostalAddress', 'streetAddress': '1401 Morris Road', 'addressLocality': 'Blue Bell', 'addressRegion': 'PA', 'postalCode': '19422', 'addressCountry': 'US'}}]",,,,,,https://recruiting.paylocity.com/Recruiting/Jobs/Details/3657019,ats,paylocity,recruiting.paylocity.com,https://recruiting.paylocity.com/recruiting/jobs/GetLogoFile?moduleId=28153,['Blue Bell'],['Montgomery County'],['Pennsylvania'],['United States'],"['Blue Bell, Pennsylvania, United States']",['America/New_York'],[40.181227],[-75.278532],False,normandyfarm.com
1888936013,2025-10-20T17:07:51,2025-10-20T12:59:26.651052,Store Manager,BidFTA,,,"[{'@type': 'Place', 'address': {'@type': 'PostalAddress', 'streetAddress': '7660 School Rd.', 'addressLocality': 'Cincinnati', 'addressRegion': 'OH', 'postalCode': '45249', 'addressCountry': 'US'}}]",,,,,,https://recruiting.paylocity.com/Recruiting/Jobs/Details/3657016,ats,paylocity,recruiting.paylocity.com,https://recruiting.paylocity.com/recruiting/jobs/GetLogoFile?moduleId=16384,['Sharonville'],['Hamilton County'],['Ohio'],['United States'],"['Sharonville, Ohio, United States']",['America/New_York'],[39.28566764999999],[-84.35467604202063],False,bidfta.com
1888935564,2025-10-20T16:56:48,2025-10-20T12:57:51.653744,Lumber Shipper,William B Morse Lumber Co,,,"[{'@type': 'Place', 'address': {'@type': 'PostalAddress', 'streetAddress': '340 West Main Street', 'addressLocality': 'Rochester', 'addressRegion': 'NY', 'postalCode': '14608', 'addressCountry': 'US'}}]",,,,,,https://recruiting.paylocity.com/Recruiting/Jobs/Details/1713978,ats,paylocity,recruiting.paylocity.com,https://recruiting.paylocity.com/recruiting/jobs/GetLogoFile?moduleId=10603,['City of Rochester'],['Monroe County'],['New York'],['United States'],"['City of Rochester, New York, United States']",['America/New_York'],[43.153885],[-77.6220247],False,
1888826120,2025-10-20T16:56:00,2025-10-20T04:21:34.461996,Purchased Referred Care (PRC) Claims Technici,Great Plains Tribal Leaders Health Board Inc,https://workforcenow.adp.com/mascsr/default/mdf/recruitment/recruitment.html?cid=f3b7cfcb-545f-4c51-8db3-944a7ec146e1,,"[{'@type': 'Place', 'address': {'@type': 'PostalAddress', 'streetAddress': '', 'addressLocality': 'Purchased Referred Care, Oyate Health Center, Rapid City, SD, US', 'addressRegion': 'SD', 'postalCode': '57702', 'addressCountry': ''}}]",,,,"{'@type': 'MonetaryAmount', 'currency': 'USD', 'value': {'@type': 'QuantitativeValue', 'minValue': 20.86, 'maxValue': 25.94, 'unitText': 'HOUR'}}",['Full Time'],https://workforcenow.adp.com/mascsr/default/mdf/recruitment/recruitment.html?cid=f3b7cfcb-545f-4c51-8db3-944a7ec146e1&jobId=942243,ats,adp,workforcenow.adp.com,,['Rapid City'],['Pennington County'],['South Dakota'],['United States'],"['Rapid City, South Dakota, United States']",['America/Denver'],[44.0806041],[-103.228023],False,greatplainstribalhealth.org
1888835794,2025-10-20T16:52:00,2025-10-20T05:54:53.068562,Travel Consultant (Corporate - General Reservations),BCD Midmarket Holdings,https://workforcenow.adp.com/mascsr/default/mdf/recruitment/recruitment.html?cid=467308fd-e8b6-4f5a-923b-caf453c89c75,,"[{'@type': 'Place', 'address': {'@type': 'PostalAddress', 'streetAddress': '', 'addressLocality': ' Remote, US', 'addressRegion': '', 'postalCode': '', 'addressCountry': ''}}]",,,,,['Regular Full-Time'],https://workforcenow.adp.com/mascsr/default/mdf/recruitment/recruitment.html?cid=467308fd-e8b6-4f5a-923b-caf453c89c75&jobId=927839,ats,adp,workforcenow.adp.com,,,,,['United States'],['United States'],['America/Chicago'],[39.7837304],[-100.445882],True,
1888827352,2025-10-20T16:50:00,2025-10-20T04:33:28.261037,Lead Direct Support Staff,Network Human Services,https://workforcenow.adp.com/mascsr/default/mdf/recruitment/recruitment.html?cid=7c56b98e-fd78-4a66-aebb-811a0997611b,,"[{'@type': 'Place', 'address': {'@type': 'PostalAddress', 'streetAddress': '', 'addressLocality': 'Birch St., Windham, CT, US', 'addressRegion': 'CT', 'postalCode': '06226', 'addressCountry': ''}}]",,,,"{'@type': 'MonetaryAmount', 'currency': 'USD', 'value': {'@type': 'QuantitativeValue', 'minValue': 18.46, 'maxValue': 18.7, 'unitText': 'HOUR'}}",['Variable Hour'],https://workforcenow.adp.com/mascsr/default/mdf/recruitment/recruitment.html?cid=7c56b98e-fd78-4a66-aebb-811a0997611b&jobId=600536,ats,adp,workforcenow.adp.com,,['Willimantic'],['Southeastern Connecticut Planning Region'],['Connecticut'],['United States'],"['Willimantic, Connecticut, United States']",['America/New_York'],[41.716408039329686],[-72.22173558037558],False,networkhumanservices.org
1888932113,2025-10-20T16:48:33,2025-10-20T12:49:52.337729,Certified Medical Assistant (CMA/RMA/CCMA/NCMA/CNA),Piedmont HealthCare PA,,,"[{'@type': 'Place', 'address': {'@type': 'PostalAddress', 'streetAddress': '702 Hartness Road', 'addressLocality': 'Statesville', 'addressRegion': 'NC', 'postalCode': '28677', 'addressCountry': 'US'}}]",,,,,,https://recruiting.paylocity.com/Recruiting/Jobs/Details/3657013,ats,paylocity,recruiting.paylocity.com,https://recruiting.paylocity.com/recruiting/jobs/GetLogoFile?moduleId=21271,['Statesville'],['Iredell County'],['North Carolina'],['United States'],"['Statesville, North Carolina, United States']",['America/New_York'],[35.7986651],[-80.8814868],False,piedmonthealthcare.com
1888934980,2025-10-20T16:41:06,2025-10-20T12:57:05.882244,Server,OAK & STONE,,,"[{'@type': 'Place', 'address': {'@type': 'PostalAddress', 'streetAddress': '5405 University Parkway', 'addressLocality': 'University Park', 'addressRegion': 'FL', 'postalCode': '34201', 'addressCountry': 'US'}}]",,,,,,https://recruiting.paylocity.com/Recruiting/Jobs/Details/3657010,ats,paylocity,recruiting.paylocity.com,https://recruiting.paylocity.com/recruiting/jobs/GetLogoFile?moduleId=26086,['Bradenton'],['Manatee County'],['Florida'],['United States'],"['Bradenton, Florida, United States']",['America/New_York'],[27.389918],[-82.462879],False,oakandstone.com
1888934979,2025-10-20T16:40:20,2025-10-20T12:57:05.807579,Host,OAK & STONE,,,"[{'@type': 'Place', 'address': {'@type': 'PostalAddress', 'streetAddress': '5405 University Parkway', 'addressLocality': 'University Park', 'addressRegion': 'FL', 'postalCode': '34201', 'addressCountry': 'US'}}]",,,,,,https://recruiting.paylocity.com/Recruiting/Jobs/Details/3657009,ats,paylocity,recruiting.paylocity.com,https://recruiting.paylocity.com/recruiting/jobs/GetLogoFile?moduleId=26086,['Bradenton'],['Manatee County'],['Florida'],['United States'],"['Bradenton, Florida, United States']",['America/New_York'],[27.389918],[-82.462879],False,oakandstone.com
1888933033,2025-10-20T16:34:56,2025-10-20T12:51:37.61646,Medical Assistant,Florida Pain and Rehabilitation,,,"[{'@type': 'Place', 'address': {'@type': 'PostalAddress', 'streetAddress': '1503 Buenos Aires Blvd', 'addressLocality': 'The Villages', 'addressRegion': 'FL', 'postalCode': '32159', 'addressCountry': 'US'}}]",,,,,,https://recruiting.paylocity.com/Recruiting/Jobs/Details/3657007,ats,paylocity,recruiting.paylocity.com,https://recruiting.paylocity.com/recruiting/jobs/GetLogoFile?moduleId=25615,['Lady Lake'],['Sumter County'],['Florida'],['United States'],"['Lady Lake, Florida, United States']",['America/New_York'],[28.9525121],[-81.9634648],False,treatingpain.com
1888933469,2025-10-20T16:31:40,2025-10-20T12:52:27.299418,Field Technician,Miller Environmental Group Inc,,,"[{'@type': 'Place', 'address': {'@type': 'PostalAddress', 'streetAddress': '3100 Benjamin Franklin Hwy', 'addressLocality': 'Edinburg', 'addressRegion': 'PA', 'postalCode': '16116', 'addressCountry': 'US'}}]",,,,"{'@type': 'MonetaryAmount', 'currency': 'USD', 'value': {'@type': 'QuantitativeValue', 'unitText': 'HOUR', 'value': 20}}",,https://recruiting.paylocity.com/Recruiting/Jobs/Details/3657006,ats,paylocity,recruiting.paylocity.com,https://recruiting.paylocity.com/recruiting/jobs/GetLogoFile?moduleId=30259,['Mahoning Township'],['Lawrence County'],['Pennsylvania'],['United States'],"['Mahoning Township, Pennsylvania, United States']",['America/New_York'],[41.02790814146341],[-80.46514688292683],False,millerenv.com
1888826853,2025-10-20T16:30:00,2025-10-20T04:31:02.725494,RN Cardiovascular Services Full Time Days,Hollywood Presbyterian,https://workforcenow.adp.com/mascsr/default/mdf/recruitment/recruitment.html?cid=5d0945d2-39da-4a4c-88e4-b8c167c5a4f2,,"[{'@type': 'Place', 'address': {'@type': 'PostalAddress', 'streetAddress': '', 'addressLocality': ' Los Angeles, CA, US', 'addressRegion': 'CA', 'postalCode': '90027', 'addressCountry': ''}}]",,,,"{'@type': 'MonetaryAmount', 'currency': 'USD', 'value': {'@type': 'QuantitativeValue', 'minValue': 52.58, 'maxValue': 83.9, 'unitText': 'HOUR'}}",['Full Time 80 Hrs'],https://workforcenow.adp.com/mascsr/default/mdf/recruitment/recruitment.html?cid=5d0945d2-39da-4a4c-88e4-b8c167c5a4f2&jobId=600254,ats,adp,workforcenow.adp.com,,['Los Angeles'],['Los Angeles County'],['California'],['United States'],"['Los Angeles, California, United States']",['America/Los_Angeles'],[34.10365320338983],[-118.29172016158192],False,hollywoodpresbyterian.com
1888829790,2025-10-20T16:29:00,2025-10-20T04:51:34.534649,"Teller (Part Time) - Odessa, Texas Ave. ",PROSPERITY BANK,https://workforcenow.adp.com/mascsr/default/mdf/recruitment/recruitment.html?cid=0641fe9c-396e-4553-9639-31df68225aa4,,"[{'@type': 'Place', 'address': {'@type': 'PostalAddress', 'streetAddress': '', 'addressLocality': 'Texas Ave, Odessa, TX, US', 'addressRegion': 'TX', 'postalCode': '79761', 'addressCountry': ''}}]",,,,,['Part Time'],https://workforcenow.adp.com/mascsr/default/mdf/recruitment/recruitment.html?cid=0641fe9c-396e-4553-9639-31df68225aa4&jobId=592176,ats,adp,workforcenow.adp.com,,['Odessa'],['Ector County'],['Texas'],['United States'],"['Odessa, Texas, United States']",['America/Chicago'],[31.832509699438397],[-102.35679042244084],False,prosperitybankusa.com
1888826912,2025-10-20T16:29:00,2025-10-20T04:31:43.986234,"Teller (Part Time) - Odessa, Texas Ave. ",PROSPERITY BANK,https://workforcenow.adp.com/mascsr/default/mdf/recruitment/recruitment.html?cid=009d7dae-06f5-4976-bb97-c97601e32efe,,"[{'@type': 'Place', 'address': {'@type': 'PostalAddress', 'streetAddress': '', 'addressLocality': 'Texas Ave, Odessa, TX, US', 'addressRegion': 'TX', 'postalCode': '79761', 'addressCountry': ''}}]",,,,,['Part Time'],https://workforcenow.adp.com/mascsr/default/mdf/recruitment/recruitment.html?cid=009d7dae-06f5-4976-bb97-c97601e32efe&jobId=592176,ats,adp,workforcenow.adp.com,,['Odessa'],['Ector County'],['Texas'],['United States'],"['Odessa, Texas, United States']",['America/Chicago'],[31.832509699438397],[-102.35679042244084],False,prosperitybankusa.com
1888912439,2025-10-20T16:28:32,2025-10-20T12:02:19.654472,Park Attendant,LIS Lawrenceville LLC,,,"[{'@type': 'Place', 'address': {'@type': 'PostalAddress', 'streetAddress': '2500 Buford Drive', 'addressLocality': 'Lawrenceville', 'addressRegion': 'GA', 'postalCode': '30043', 'addressCountry': 'US'}}]",,,,"{'@type': 'MonetaryAmount', 'currency': 'USD', 'value': {'@type': 'QuantitativeValue', 'unitText': 'HOUR', 'value': 15}}",,https://recruiting.paylocity.com/Recruiting/Jobs/Details/3657003,ats,paylocity,recruiting.paylocity.com,https://recruiting.paylocity.com/recruiting/jobs/GetLogoFile?moduleId=29083,['Lawrenceville'],['Gwinnett County'],['Georgia'],['United States'],"['Lawrenceville, Georgia, United States']",['America/New_York'],[34.0409],[-83.993357],False,
1888932284,2025-10-20T16:27:32,2025-10-20T12:50:27.629557,Engineering Technician,Rhenus Automotive Salem,,,"[{'@type': 'Place', 'address': {'@type': 'PostalAddress', 'streetAddress': '6450 Technology Drive', 'addressLocality': 'Salem', 'addressRegion': 'VA', 'postalCode': '24153', 'addressCountry': 'US'}}]",,,,,,https://recruiting.paylocity.com/Recruiting/Jobs/Details/3657002,ats,paylocity,recruiting.paylocity.com,https://recruiting.paylocity.com/recruiting/jobs/GetLogoFile?moduleId=11782,['Salem'],['Roanoke County'],['Virginia'],['United States'],"['Salem, Virginia, United States']",['America/New_York'],[37.261653],[-80.145533],False,rhenus.group
1888934860,2025-10-20T15:40:08,2025-10-20T12:56:53.83485,Cafe Service Staff,Naples Botanical Garden Inc,,,"[{'@type': 'Place', 'address': {'@type': 'PostalAddress', 'streetAddress': '4820 Bayshore Dr', 'addressLocality': 'Naples', 'addressRegion': 'FL', 'postalCode': '34112', 'addressCountry': 'US'}}]",,,,"{'@type': 'MonetaryAmount', 'currency': 'USD', 'value': {'@type': 'QuantitativeValue', 'unitText': 'HOUR', 'value': 17}}",,https://recruiting.paylocity.com/Recruiting/Jobs/Details/3656987,ats,paylocity,recruiting.paylocity.com,https://recruiting.paylocity.com/recruiting/jobs/GetLogoFile?moduleId=16064,['Naples'],['Collier County'],['Florida'],['United States'],"['Naples, Florida, United States']",['America/New_York'],[26.108202],[-81.770314],False,naplesgarden.org
1888829791,2025-10-20T15:39:00,2025-10-20T04:51:35.680666,"Personal Banker (Full Time) - Abilene, Cypress",PROSPERITY BANK,https://workforcenow.adp.com/mascsr/default/mdf/recruitment/recruitment.html?cid=0641fe9c-396e-4553-9639-31df68225aa4,,"[{'@type': 'Place', 'address': {'@type': 'PostalAddress', 'streetAddress': '', 'addressLocality': 'Cypress- Abilene, Abilene, TX, US', 'addressRegion': 'TX', 'postalCode': '79601', 'addressCountry': ''}}]",,,,,['Full Time'],https://workforcenow.adp.com/mascsr/default/mdf/recruitment/recruitment.html?cid=0641fe9c-396e-4553-9639-31df68225aa4&jobId=592175,ats,adp,workforcenow.adp.com,,['Abilene'],['Taylor County'],['Texas'],['United States'],"['Abilene, Texas, United States']",['America/Chicago'],[32.4540446],[-99.73430789296876],False,prosperitybankusa.com
1888826937,2025-10-20T15:39:00,2025-10-20T04:31:48.475647,"Personal Banker (Full Time) - Abilene, Cypress",PROSPERITY BANK,https://workforcenow.adp.com/mascsr/default/mdf/recruitment/recruitment.html?cid=009d7dae-06f5-4976-bb97-c97601e32efe,,"[{'@type': 'Place', 'address': {'@type': 'PostalAddress', 'streetAddress': '', 'addressLocality': 'Cypress- Abilene, Abilene, TX, US', 'addressRegion': 'TX', 'postalCode': '79601', 'addressCountry': ''}}]",,,,,['Full Time'],https://workforcenow.adp.com/mascsr/default/mdf/recruitment/recruitment.html?cid=009d7dae-06f5-4976-bb97-c97601e32efe&jobId=592175,ats,adp,workforcenow.adp.com,,['Abilene'],['Taylor County'],['Texas'],['United States'],"['Abilene, Texas, United States']",['America/Chicago'],[32.4540446],[-99.73430789296876],False,prosperitybankusa.com
1888900207,2025-10-20T15:37:29,2025-10-20T10:52:29.661937,Line Cook,Naples Botanical Garden Inc,,,"[{'@type': 'Place', 'address': {'@type': 'PostalAddress', 'streetAddress': '4820 Bayshore Dr', 'addressLocality': 'Naples', 'addressRegion': 'FL', 'postalCode': '34112', 'addressCountry': 'US'}}]",,,,"{'@type': 'MonetaryAmount', 'currency': 'USD', 'value': {'@type': 'QuantitativeValue', 'unitText': 'HOUR', 'value': 22}}",,https://recruiting.paylocity.com/Recruiting/Jobs/Details/3656986,ats,paylocity,recruiting.paylocity.com,https://recruiting.paylocity.com/recruiting/jobs/GetLogoFile?moduleId=16064,['Naples'],['Collier County'],['Florida'],['United States'],"['Naples, Florida, United States']",['America/New_York'],[26.108202],[-81.770314],False,naplesgarden.org
1888900206,2025-10-20T15:17:44,2025-10-20T10:52:29.593314,Event & Festival Coordinator,Naples Botanical Garden Inc,,,"[{'@type': 'Place', 'address': {'@type': 'PostalAddress', 'streetAddress': '4820 Bayshore Dr', 'addressLocality': 'Naples', 'addressRegion': 'FL', 'postalCode': '34112', 'addressCountry': 'US'}}]",,,,"{'@type': 'MonetaryAmount', 'currency': 'USD', 'value': {'@type': 'QuantitativeValue', 'minValue': 19.52, 'maxValue': 21.49, 'unitText': 'HOUR'}}",,https://recruiting.paylocity.com/Recruiting/Jobs/Details/3656983,ats,paylocity,recruiting.paylocity.com,https://recruiting.paylocity.com/recruiting/jobs/GetLogoFile?moduleId=16064,['Naples'],['Collier County'],['Florida'],['United States'],"['Naples, Florida, United States']",['America/New_York'],[26.108202],[-81.770314],False,naplesgarden.org
1888900148,2025-10-20T15:17:09,2025-10-20T10:51:59.262091,Executive Administrative Assistant - Philanthropy,Naples Botanical Garden Inc,,,"[{'@type': 'Place', 'address': {'@type': 'PostalAddress', 'streetAddress': '4820 Bayshore Dr', 'addressLocality': 'Naples', 'addressRegion': 'FL', 'postalCode': '34112', 'addressCountry': 'US'}}]",,,,"{'@type': 'MonetaryAmount', 'currency': 'USD', 'value': {'@type': 'QuantitativeValue', 'minValue': 22.36, 'maxValue': 24.62, 'unitText': 'HOUR'}}",,https://recruiting.paylocity.com/Recruiting/Jobs/Details/3656982,ats,paylocity,recruiting.paylocity.com,https://recruiting.paylocity.com/recruiting/jobs/GetLogoFile?moduleId=16064,['Naples'],['Collier County'],['Florida'],['United States'],"['Naples, Florida, United States']",['America/New_York'],[26.108202],[-81.770314],False,naplesgarden.org
1888900205,2025-10-20T15:16:09,2025-10-20T10:52:29.589155,Staff Accountant,Naples Botanical Garden Inc,,,"[{'@type': 'Place', 'address': {'@type': 'PostalAddress', 'streetAddress': '4820 Bayshore Dr', 'addressLocality': 'Naples', 'addressRegion': 'FL', 'postalCode': '34112', 'addressCountry': 'US'}}]",,,,"{'@type': 'MonetaryAmount', 'currency': 'USD', 'value': {'@type': 'QuantitativeValue', 'minValue': 28.85, 'maxValue': 32.21, 'unitText': 'HOUR'}}",,https://recruiting.paylocity.com/Recruiting/Jobs/Details/3656981,ats,paylocity,recruiting.paylocity.com,https://recruiting.paylocity.com/recruiting/jobs/GetLogoFile?moduleId=16064,['Naples'],['Collier County'],['Florida'],['United States'],"['Naples, Florida, United States']",['America/New_York'],[26.108202],[-81.770314],False,naplesgarden.org
1888840767,2025-10-20T15:03:00,2025-10-20T06:25:41.876657,Production Worker 3rd shift,Wm Bolthouse Farms Inc,https://workforcenow.adp.com/mascsr/default/mdf/recruitment/recruitment.html?cid=bdd456bf-a007-4552-b846-ab61632962f6,,"[{'@type': 'Place', 'address': {'@type': 'PostalAddress', 'streetAddress': '', 'addressLocality': 'USA - CA - BAKERSFIELD, Bakersfield, CA, US', 'addressRegion': 'CA', 'postalCode': '93307', 'addressCountry': ''}}]",,,,"{'@type': 'MonetaryAmount', 'currency': 'USD', 'value': {'@type': 'QuantitativeValue', 'minValue': 17, 'maxValue': 19, 'unitText': 'HOUR'}}",['Full-Time Temporary '],https://workforcenow.adp.com/mascsr/default/mdf/recruitment/recruitment.html?cid=bdd456bf-a007-4552-b846-ab61632962f6&jobId=537181,ats,adp,workforcenow.adp.com,,['Bakersfield'],['Kern County'],['California'],['United States'],"['Bakersfield, California, United States']",['America/Los_Angeles'],[35.27201362],[-119.07816485],False,bolthouse.com
1888897748,2025-10-20T14:51:00,2025-10-20T10:41:38.190378,Volunteer Independent Visitor - Castle Bromwich (Males required),Change Grow Live,https://www.changegrowlive.org/,2026-10-20T14:51:00,"[{'address': {'addressCountry': '', 'streetAddress': '', '@type': 'PostalAddress', 'postalCode': 'BN1', 'addressLocality': '', 'addressRegion': '', 'postOfficeBoxNumber': ''}, '@type': 'Place'}]",,TELECOMMUTE,,,['OTHER'],https://volunteers-changegrowlive.icims.com/jobs/18022/volunteer-independent-visitor---castle-bromwich-%28males-required%29/job,ats,icims,volunteers-changegrowlive.icims.com,,['Brighton'],['Brighton and Hove'],['England'],['United Kingdom'],"['Brighton, England, United Kingdom']",['Europe/London'],[50.8214626],[-0.1400561],True,changegrowlive.org
1888826292,2025-10-20T14:39:00,2025-10-20T04:26:49.861322,Case Manager Level II,Urban Strategies LLC,https://workforcenow.adp.com/mascsr/default/mdf/recruitment/recruitment.html?cid=d098c4aa-2066-4e7c-beb8-03714bf5cb91,,"[{'@type': 'Place', 'address': {'@type': 'PostalAddress', 'streetAddress': '', 'addressLocality': 'Remote, Arlington, VA, US', 'addressRegion': 'VA', 'postalCode': '22201', 'addressCountry': ''}}, {'@type': 'Place', 'address': {'@type': 'PostalAddress', 'streetAddress': '', 'addressLocality': 'Orlando, FL', 'addressRegion': '', 'postalCode': '', 'addressCountry': ''}}, {'@type': 'Place', 'address': {'@type': 'PostalAddress', 'streetAddress': '', 'addressLocality': 'Lake Worth, FL, Lake Worth, FL, US', 'addressRegion': 'FL', 'postalCode': '33462', 'addressCountry': ''}}, {'@type': 'Place', 'address': {'@type': 'PostalAddress', 'streetAddress': '', 'addressLocality': 'Remote Florida', 'addressRegion': '', 'postalCode': '', 'addressCountry': ''}}]",,,,"{'@type': 'MonetaryAmount', 'currency': 'USD', 'value': {'@type': 'QuantitativeValue', 'value': 37.41, 'unitText': 'HOUR'}}",['Full Time'],https://workforcenow.adp.com/mascsr/default/mdf/recruitment/recruitment.html?cid=d098c4aa-2066-4e7c-beb8-03714bf5cb91&jobId=497981,ats,adp,workforcenow.adp.com,,"['Lake Worth Beach', 'Orlando', 'Arlington']","['Palm Beach County', 'Orange County', 'Arlington County']","['Florida', 'Florida', 'Virginia', 'Florida']","['United States', 'United States', 'United States', 'United States']","['Lake Worth Beach, Florida, United States', 'Orlando, Florida, United States', 'Arlington, Virginia, United States', 'Florida, United States']","['America/New_York', 'America/New_York', 'America/New_York', 'America/New_York']","[26.6159698, 28.5421109, 38.886565, 27.7567667]","[-80.0569927, -81.3790304, -77.095231, -81.4639835]",True,urbanstrategiesllc.com
1888823454,2025-10-20T14:32:00,2025-10-20T04:02:57.276128,Library Associate Flex,Medina County District Library,https://workforcenow.adp.com/mascsr/default/mdf/recruitment/recruitment.html?cid=ac44a182-172e-4515-8171-637f89733790,,"[{'@type': 'Place', 'address': {'@type': 'PostalAddress', 'streetAddress': '', 'addressLocality': 'Medina, Medina, OH, US', 'addressRegion': 'OH', 'postalCode': '44256', 'addressCountry': ''}}]",,,,,['Part Time'],https://workforcenow.adp.com/mascsr/default/mdf/recruitment/recruitment.html?cid=ac44a182-172e-4515-8171-637f89733790&jobId=606471,ats,adp,workforcenow.adp.com,,['Medina'],['Medina County'],['Ohio'],['United States'],"['Medina, Ohio, United States']",['America/New_York'],[41.14508135939922],[-81.84745079370155],False,mcdl.info
1888829545,2025-10-20T14:20:00,2025-10-20T04:47:54.629288,Interim Clinical Director ,"Promises Behavioral Health, LLC",https://workforcenow.adp.com/mascsr/default/mdf/recruitment/recruitment.html?cid=be2770e9-00ec-475a-9ea4-e8ac9f255903,,"[{'@type': 'Place', 'address': {'@type': 'PostalAddress', 'streetAddress': '', 'addressLocality': ' Worcester, MA, US', 'addressRegion': 'MA', 'postalCode': '01603', 'addressCountry': ''}}]",,,,,,https://workforcenow.adp.com/mascsr/default/mdf/recruitment/recruitment.html?cid=be2770e9-00ec-475a-9ea4-e8ac9f255903&jobId=603750,ats,adp,workforcenow.adp.com,,['Worcester'],['Worcester County'],['Massachusetts'],['United States'],"['Worcester, Massachusetts, United States']",['America/New_York'],[42.24495068333333],[-71.83857397999999],False,promises.com
1888891421,2025-10-20T14:04:10,2025-10-20T10:13:44.465234,Care Partner (Caregiver) Part- Time NOC Shift,Cogir of Vallejo Hills,,,"[{'@type': 'Place', 'address': {'@type': 'PostalAddress', 'streetAddress': '350 Locust Dr', 'addressLocality': 'Vallejo', 'addressRegion': 'CA', 'postalCode': '94591', 'addressCountry': 'US'}}]",,,,,,https://recruiting.paylocity.com/Recruiting/Jobs/Details/3656978,ats,paylocity,recruiting.paylocity.com,https://recruiting.paylocity.com/recruiting/jobs/GetLogoFile?moduleId=35954,['Vallejo'],['Solano County'],['California'],['United States'],"['Vallejo, California, United States']",['America/Los_Angeles'],[38.11264],[-122.207058],False,cogirusa.com
1888823465,2025-10-20T13:02:00,2025-10-20T04:03:14.698014,Collection Resources Page (Library Inventory Processor),Medina County District Library,https://workforcenow.adp.com/mascsr/default/mdf/recruitment/recruitment.html?cid=ac44a182-172e-4515-8171-637f89733790,,"[{'@type': 'Place', 'address': {'@type': 'PostalAddress', 'streetAddress': '', 'addressLocality': 'Medina, Medina, OH, US', 'addressRegion': 'OH', 'postalCode': '44256', 'addressCountry': ''}}]",,,,,['Part Time'],https://workforcenow.adp.com/mascsr/default/mdf/recruitment/recruitment.html?cid=ac44a182-172e-4515-8171-637f89733790&jobId=605511,ats,adp,workforcenow.adp.com,,['Medina'],['Medina County'],['Ohio'],['United States'],"['Medina, Ohio, United States']",['America/New_York'],[41.14508135939922],[-81.84745079370155],False,mcdl.info
1888935517,2025-10-20T12:57:25.415,2025-10-20T12:57:48.281671,Assistant Manager,E-Z Mart,https://gpminvestments.com/,2026-10-20T12:57:25.415,"[{'address': {'addressCountry': 'US', 'streetAddress': '1002 S Muskogee', '@type': 'PostalAddress', 'postalCode': '74464', 'addressLocality': 'Tahlequah', 'addressRegion': 'OK', 'postOfficeBoxNumber': ''}, '@type': 'Place'}]",,,,,['OTHER'],https://storecareers-gpminvestments.icims.com/jobs/255195/assistant-manager/job,ats,icims,storecareers-gpminvestments.icims.com,,['Tahlequah'],['Cherokee County'],['Oklahoma'],['United States'],"['Tahlequah, Oklahoma, United States']",['America/Chicago'],[35.90350957894068],[-94.97457672415398],False,e-zmart.com
1888935478,2025-10-20T12:57:16.981,2025-10-20T12:57:46.204309,Dunkin Donuts Baker/Finisher - Morning/Day Shift,Dunkin' Donuts,https://gpminvestments.com/,2026-10-20T12:57:16.981,"[{'address': {'addressCountry': 'US', 'streetAddress': '1285 HWY 394', '@type': 'PostalAddress', 'postalCode': '37617', 'addressLocality': 'Blountville', 'addressRegion': 'TN', 'postOfficeBoxNumber': ''}, '@type': 'Place'}]",,,,,['OTHER'],https://storecareers-gpminvestments.icims.com/jobs/255198/dunkin-donuts-baker-finisher---morning-day-shift/job,ats,icims,storecareers-gpminvestments.icims.com,,['Blountville'],['Sullivan County'],['Tennessee'],['United States'],"['Blountville, Tennessee, United States']",['America/New_York'],[36.533782],[-82.330146],False,dunkindonuts.com
1888935479,2025-10-20T12:57:16.672,2025-10-20T12:57:46.208087,Cashier/Sales Associate - Midday/2nd Shift,ExpressStop,https://gpminvestments.com/,2026-10-20T12:57:16.672,"[{'address': {'addressCountry': 'US', 'streetAddress': '620 North Grand Street', '@type': 'PostalAddress', 'postalCode': '49087', 'addressLocality': 'Schoolcraft', 'addressRegion': 'MI', 'postOfficeBoxNumber': ''}, '@type': 'Place'}]",,,,,['OTHER'],https://storecareers-gpminvestments.icims.com/jobs/255200/cashier-sales-associate---midday-2nd-shift/job,ats,icims,storecareers-gpminvestments.icims.com,,['Schoolcraft'],['Kalamazoo County'],['Michigan'],['United States'],"['Schoolcraft, Michigan, United States']",['America/Detroit'],[42.1176228],[-85.6374621],False,admiral.com
1888935480,2025-10-20T12:57:16.415,2025-10-20T12:57:46.2298,Cashier/Sales Associate - Midday/2nd Shift,SpeedyQ,https://gpminvestments.com/,2026-10-20T12:57:16.415,"[{'address': {'addressCountry': 'US', 'streetAddress': '120 E Sanilac Rd', '@type': 'PostalAddress', 'postalCode': '48471', 'addressLocality': 'Sandusky', 'addressRegion': 'MI', 'postOfficeBoxNumber': ''}, '@type': 'Place'}]",,,,,['OTHER'],https://storecareers-gpminvestments.icims.com/jobs/255199/cashier-sales-associate---midday-2nd-shift/job,ats,icims,storecareers-gpminvestments.icims.com,,['Sandusky'],['Sanilac County'],['Michigan'],['United States'],"['Sandusky, Michigan, United States']",['America/Detroit'],[43.4210821],[-82.8261472],False,speedyqmarkets.com
1888935429,2025-10-20T12:57:16.185,2025-10-20T12:57:37.084651,Deli Associate,Uncle's,https://gpminvestments.com/,2026-10-20T12:57:16.185,"[{'address': {'addressCountry': 'US', 'streetAddress': '3 Interstate 10', '@type': 'PostalAddress', 'postalCode': '79718', 'addressLocality': 'Balmorhea', 'addressRegion': 'TX', 'postOfficeBoxNumber': ''}, '@type': 'Place'}]",,,,,['OTHER'],https://storecareers-gpminvestments.icims.com/jobs/255202/deli-associate/job,ats,icims,storecareers-gpminvestments.icims.com,,['Balmorhea'],['Reeves County'],['Texas'],['United States'],"['Balmorhea, Texas, United States']",['America/Chicago'],[30.9833741],[-103.742501],False,admiral.com
1888935432,2025-10-20T12:57:15.671,2025-10-20T12:57:38.083054,Cashier/Sales Associate - All Shifts,E-Z Mart,https://gpminvestments.com/,2026-10-20T12:57:15.671,"[{'address': {'addressCountry': 'US', 'streetAddress': '9220 Highway 279', '@type': 'PostalAddress', 'postalCode': '76801', 'addressLocality': 'Brownwood', 'addressRegion': 'TX', 'postOfficeBoxNumber': ''}, '@type': 'Place'}]",,,,,['OTHER'],https://storecareers-gpminvestments.icims.com/jobs/255201/cashier-sales-associate---all-shifts/job,ats,icims,storecareers-gpminvestments.icims.com,,['Brownwood'],['Brown County'],['Texas'],['United States'],"['Brownwood, Texas, United States']",['America/Chicago'],[31.745651],[-99.005639],False,e-zmart.com
1888935411,2025-10-20T12:57:15.595,2025-10-20T12:57:36.270705,Stocker,Uncle's,https://gpminvestments.com/,2026-10-20T12:57:15.595,"[{'address': {'addressCountry': 'US', 'streetAddress': '3 Interstate 10', '@type': 'PostalAddress', 'postalCode': '79718', 'addressLocality': 'Balmorhea', 'addressRegion': 'TX', 'postOfficeBoxNumber': ''}, '@type': 'Place'}]",,,,,['OTHER'],https://storecareers-gpminvestments.icims.com/jobs/255203/stocker/job,ats,icims,storecareers-gpminvestments.icims.com,,['Balmorhea'],['Reeves County'],['Texas'],['United States'],"['Balmorhea, Texas, United States']",['America/Chicago'],[30.9833741],[-103.742501],False,admiral.com
1888935430,2025-10-20T12:57:14.557,2025-10-20T12:57:37.333414,Cashier/Sales Associate - All Shifts,E-Z Mart,https://gpminvestments.com/,2026-10-20T12:57:14.557,"[{'address': {'addressCountry': 'US', 'streetAddress': '810 East Main St.', '@type': 'PostalAddress', 'postalCode': '73460', 'addressLocality': 'Tishomingo', 'addressRegion': 'OK', 'postOfficeBoxNumber': ''}, '@type': 'Place'}]",,,,,['OTHER'],https://storecareers-gpminvestments.icims.com/jobs/255196/cashier-sales-associate---all-shifts/job,ats,icims,storecareers-gpminvestments.icims.com,,['Tishomingo'],['Johnston County'],['Oklahoma'],['United States'],"['Tishomingo, Oklahoma, United States']",['America/Chicago'],[34.230524152584884],[-96.66956495432001],False,e-zmart.com
1888934972,2025-10-20T12:57:00.462,2025-10-20T12:57:05.22645,Ausbildung zum Buchhändler (m/w/d) - Bochum (Kortumstr.),Thalia Bücher GmbH,,,"[{'address': {'streetAddress': 'Kortumstraße 69-71', 'addressLocality': 'Bochum', 'addressRegion': 'North Rhine-Westphalia', 'postalCode': '44787', 'addressCountry': 'Germany'}}]","['Kortumstraße 69-71, 44787 Bochum, Deutschland']",,,,['Vollzeit'],https://jobs.smartrecruiters.com/ThaliaBcherGmbH1/744000088819661-ausbildung-zum-buchhandler-m-w-d-bochum-kortumstr-,ats,smartrecruiters,jobs.smartrecruiters.com,,['Bochum'],,['North Rhine-Westphalia'],['Germany'],"['Bochum, North Rhine-Westphalia, Germany']",['Europe/Berlin'],[51.4810655],[7.2170323],False,thalia.de
1888935058,2025-10-20T12:56:50.52,2025-10-20T12:57:09.540137,Compliance Officer,City and County Healthcare Group Ltd,,,"[{'address': {'addressLocality': 'Altrincham', 'addressRegion': 'England', 'addressCountry': 'United Kingdom'}}]","['Altrincham, United Kingdom']",,,,['Full-time'],https://jobs.smartrecruiters.com/CityCountyHealthcareGroupLtd/744000088824480-compliance-officer,ats,smartrecruiters,jobs.smartrecruiters.com,,['Altrincham'],['Greater Manchester'],['England'],['United Kingdom'],"['Altrincham, England, United Kingdom']",['Europe/London'],[53.3839662],[-2.3525463],False,candchealthcare.co.uk
1888934970,2025-10-20T12:56:47.298,2025-10-20T12:57:04.955074,Anwendungsspezialist:in - Intraoperatives Neuromonitoring,Brainlab,,,"[{'address': {'addressLocality': 'Hamburg', 'addressRegion': 'Hamburg', 'addressCountry': 'Germany'}}]","['Hamburg, Deutschland']",,,,['Vollzeit'],https://jobs.smartrecruiters.com/Brainlab/744000088824256-anwendungsspezialist-in-intraoperatives-neuromonitoring,ats,smartrecruiters,jobs.smartrecruiters.com,,['Hamburg'],,,['Germany'],"['Hamburg, Germany']",['Europe/Berlin'],[53.550341],[10.000654],False,brainlab.com
1888934975,2025-10-20T12:56:43.352,2025-10-20T12:57:05.388155,Security Agent,Techo-Bloc,,,"[{'address': {'addressLocality': 'Saint-Hubert', 'addressRegion': 'Quebec', 'addressCountry': 'Canada'}}]","['Saint-Hubert, Quebec, Canada']",,,,['Part-time'],https://jobs.smartrecruiters.com/techo-bloc/744000088824525-security-agent,ats,smartrecruiters,jobs.smartrecruiters.com,,['Longueuil'],['Urban agglomeration of Longueuil'],['Quebec'],['Canada'],"['Longueuil, Quebec, Canada']",['America/Toronto'],[45.5042755],[-73.4216976],False,techo-bloc.com
1888934976,2025-10-20T12:56:37.134,2025-10-20T12:57:05.424251,Contrôleur de gestion Exploitation (H/F) - CDI,Conforama,,,"[{'address': {'streetAddress': '80 BOULEVARD DU MANDINET', 'addressLocality': 'Lognes', 'addressRegion': 'Région Île-de-France', 'postalCode': '77185', 'addressCountry': 'France'}}]","['80 BOULEVARD DU MANDINET, Lognes, Région Île-de-France, France']",,,,['Temps complet'],https://jobs.smartrecruiters.com/Conforama/744000088824485-controleur-de-gestion-exploitation-h-f-cdi,ats,smartrecruiters,jobs.smartrecruiters.com,,['Lognes'],['Seine-et-Marne'],['Ile-de-France'],['France'],"['Lognes, Ile-de-France, France']",['Europe/Paris'],[48.8384157],[2.632722],False,conforama.fr
1888934968,2025-10-20T12:56:31.553,2025-10-20T12:57:04.784336,Servicemonteur (m/w/d) für Biogasanlagen (Sachsen / Thüringen / Nordbayern),Kanadevia Inova,,,"[{'address': {'streetAddress': 'Bayernwerk 8', 'addressLocality': 'Schwandorf', 'postalCode': '92421', 'addressCountry': 'Germany'}}]","['Bayernwerk 8, Schwandorf, Germany']",,,,['Vollzeit'],https://jobs.smartrecruiters.com/KanadeviaInova/744000088821701-servicemonteur-m-w-d-fur-biogasanlagen-sachsen-thuringen-nordbayern-,ats,smartrecruiters,jobs.smartrecruiters.com,,['Schwandorf'],['Landkreis Schwandorf'],['Bavaria'],['Germany'],"['Schwandorf, Bavaria, Germany']",['Europe/Berlin'],[49.302644650000005],[12.080155009401487],False,kanadevia-inova.com
1888935241,2025-10-20T12:56:19,2025-10-20T12:57:23.011619,Embedded Systems Engineer,Lodestar,,,"[{'@type': 'Place', 'address': {'@type': 'PostalAddress', 'addressCountry': '', 'addressLocality': 'London, United Kingdom'}}]",,,,,,https://job-boards.eu.greenhouse.io/lodestarspace/jobs/4695994101,ats,greenhouse,job-boards.eu.greenhouse.io,,['London'],['Greater London'],['England'],['United Kingdom'],"['London, England, United Kingdom']",['Europe/London'],[51.5074456],[-0.1277653],False,lodestar.space
1888935054,2025-10-20T12:56:17.834,2025-10-20T12:57:09.362834,Senior Consultant Business Transformation SAP,KPMG Nederland,,,"[{'address': {'addressLocality': 'Amstelveen', 'addressRegion': 'North Holland', 'addressCountry': 'Netherlands'}}]","['Amstelveen, Nederland']",,,,['Contract'],https://jobs.smartrecruiters.com/KPMGNederland/744000088824405-senior-consultant-business-transformation-sap,ats,smartrecruiters,jobs.smartrecruiters.com,,['Amstelveen'],,['North Holland'],['Netherlands'],"['Amstelveen, North Holland, Netherlands']",['Europe/Amsterdam'],[52.3028209],[4.8596844],False,kpmg.com
1888934974,2025-10-20T12:56:14.857,2025-10-20T12:57:05.296036,Verkäuferin Verkäufer (m/w/d),A.T.U Auto-Teile-Unger,,,"[{'address': {'streetAddress': 'Würzburger Straße 128-130', 'addressLocality': 'Fürth', 'addressRegion': 'Bavaria', 'postalCode': '90766', 'addressCountry': 'Germany'}}]","['Würzburger Str. 128/130, 90766 Fürth, Deutschland']",,,,['Vollzeit'],https://jobs.smartrecruiters.com/ATUAuto-Teile-Unger/744000088824365-verkauferin-verkaufer-m-w-d-,ats,smartrecruiters,jobs.smartrecruiters.com,,['Fürth'],['Fürth'],['Bavaria'],['Germany'],"['Fürth, Bavaria, Germany']",['Europe/Berlin'],[49.4844529],[10.9576355],False,atu.edu
1888934971,2025-10-20T12:56:05.678,2025-10-20T12:57:05.052545,Territory Sales Manager - Distributor,MasterBrand Cabinets LLC,,,"[{'address': {'streetAddress': '111 MasterBrand Cabinets Drive', 'addressLocality': 'Indianapolis', 'addressRegion': 'INDIANA', 'postalCode': '46237', 'addressCountry': 'United States'}}]","['-, Cincinnati, OH, United States']",,,,['Full-time'],https://jobs.smartrecruiters.com/MasterBrandCabinetsLLC/744000088824335-territory-sales-manager-distributor,ats,smartrecruiters,jobs.smartrecruiters.com,,['Cincinnati'],['Hamilton County'],['Ohio'],['United States'],"['Cincinnati, Ohio, United States']",['America/New_York'],[39.1014537],[-84.5124602],False,masterbrand.com
1888936100,2025-10-20T12:56:00,2025-10-20T12:59:57.732813,Sales Associate,"Norman's Gift Shops, Inc.",https://workforcenow.adp.com/mascsr/default/mdf/recruitment/recruitment.html?cid=626c37a7-88d0-452f-a250-b23beb9d6963,,"[{'@type': 'Place', 'address': {'@type': 'PostalAddress', 'streetAddress': '', 'addressLocality': ' Gambrills, MD, US', 'addressRegion': 'MD', 'postalCode': '21054', 'addressCountry': ''}}]",,,,"{'@type': 'MonetaryAmount', 'currency': 'USD', 'value': {'@type': 'QuantitativeValue', 'minValue': 0, 'maxValue': 15, 'unitText': 'HOUR'}}",,https://workforcenow.adp.com/mascsr/default/mdf/recruitment/recruitment.html?cid=626c37a7-88d0-452f-a250-b23beb9d6963&jobId=537944,ats,adp,workforcenow.adp.com,,['Gambrills'],['Anne Arundel County'],['Maryland'],['United States'],"['Gambrills, Maryland, United States']",['America/New_York'],[39.0948378],[-76.6488265],False,normanshallmark.com
1888935119,2025-10-20T12:56:00,2025-10-20T12:57:15.071495,Individual Home Support Specialist - Part Time (30 Hours),The Arc Eastern Connecticut,https://workforcenow.adp.com/mascsr/default/mdf/recruitment/recruitment.html?cid=a09d6e4f-86cb-4769-a562-a1bc47f87875,,"[{'@type': 'Place', 'address': {'@type': 'PostalAddress', 'streetAddress': '', 'addressLocality': 'Norwich - 125 Sachem Street, Norwich, CT, US', 'addressRegion': 'CT', 'postalCode': '06360', 'addressCountry': ''}}]",,,,"{'@type': 'MonetaryAmount', 'currency': 'USD', 'value': {'@type': 'QuantitativeValue', 'value': 18, 'unitText': 'HOUR'}}",['Part-time Regular'],https://workforcenow.adp.com/mascsr/default/mdf/recruitment/recruitment.html?cid=a09d6e4f-86cb-4769-a562-a1bc47f87875&jobId=573505,ats,adp,workforcenow.adp.com,,['Norwich'],['Southeastern Connecticut Planning Region'],['Connecticut'],['United States'],"['Norwich, Connecticut, United States']",['America/New_York'],[41.53593895],[-72.08904726900263],False,thearcect.org
1888934973,2025-10-20T12:55:42.161,2025-10-20T12:57:05.257486,Chef Pâtissier,Relais & Châteaux,,,"[{'address': {'streetAddress': 'Via Vittorio Emanuele', 'addressLocality': 'Napoli', 'addressRegion': 'Campania', 'postalCode': '80145', 'addressCountry': 'Italy'}}]","['Via Vittorio Emanuele, 80145 Napoli NA, Italia']",,,,['Full-time'],https://jobs.smartrecruiters.com/RelaisChateaux/744000088824284-chef-patissier,ats,smartrecruiters,jobs.smartrecruiters.com,,['Naples'],['Naples'],['Campania'],['Italy'],"['Naples, Campania, Italy']",['Europe/Rome'],[40.89083078633955],[14.236335695422193],False,relaischateaux.com
1888934990,2025-10-20T12:55:38.954,2025-10-20T12:57:07.240296,Unix/Linux Administrator (Senior-Level),"Link Solutions, Inc.",,,"[{'address': {'addressLocality': 'Sierra Vista', 'addressRegion': 'Arizona', 'addressCountry': 'United States'}}]","['Sierra Vista, AZ, USA']",,,,['Full-time'],https://jobs.smartrecruiters.com/LinkSolutionsInc/744000088824215-unix-linux-administrator-senior-level-,ats,smartrecruiters,jobs.smartrecruiters.com,,['Sierra Vista'],['Cochise County'],['Arizona'],['United States'],"['Sierra Vista, Arizona, United States']",['America/Phoenix'],[31.5545973],[-110.2997756],False,linksol-inc.com
1888934988,2025-10-20T12:55:37.876,2025-10-20T12:57:07.050983,Responsable Approvisionnement,Scalian,,,"[{'address': {'streetAddress': '127 Avenue Charles de Gaulle', 'addressLocality': '75000 - Paris', 'addressCountry': 'France'}}]","['127 Avenue Charles de Gaulle, 75000 - Paris, France']",,,,['Temps complet'],https://jobs.smartrecruiters.com/Scalian/744000088824185-responsable-approvisionnement,ats,smartrecruiters,jobs.smartrecruiters.com,,['Paris'],,['Ile-de-France'],['France'],"['Paris, Ile-de-France, France']",['Europe/Paris'],[48.8588897],[2.3200410217200766],False,scalian.com
1888934994,2025-10-20T12:55:36.659,2025-10-20T12:57:07.424353,"Commis, Réception et expédition",Vosker,,,"[{'address': {'addressLocality': 'Victoriaville', 'addressRegion': 'Québec', 'addressCountry': 'Canada'}}]","['Victoriaville, Canada']",,,,['Temps complet'],https://jobs.smartrecruiters.com/Vosker/744000088824145-commis-reception-et-expedition,ats,smartrecruiters,jobs.smartrecruiters.com,,['Victoriaville'],['Arthabaska'],['Quebec'],['Canada'],"['Victoriaville, Quebec, Canada']",['America/Toronto'],[46.0554948],[-71.9598586],False,vosker.com
1888935003,2025-10-20T12:54:41.147,2025-10-20T12:57:07.940358,Manager Finance Transformation,KPMG Nederland,,,"[{'address': {'addressLocality': 'Amstelveen', 'addressRegion': 'North Holland', 'addressCountry': 'Netherlands'}}]","['Amstelveen, Nederland']",,,,['Voltijds'],https://jobs.smartrecruiters.com/KPMGNederland/744000088823870-manager-finance-transformation,ats,smartrecruiters,jobs.smartrecruiters.com,,['Amstelveen'],,['North Holland'],['Netherlands'],"['Amstelveen, North Holland, Netherlands']",['Europe/Amsterdam'],[52.3028209],[4.8596844],False,kpmg.com
1888935084,2025-10-20T12:54:29.386,2025-10-20T12:57:12.911433,(Senior) Manager Policy & Advocacy PtX (m/f/d),ENERTRAG SE,,,"[{'address': {'streetAddress': 'Friedrichstraße 152', 'addressLocality': 'Berlin', 'addressRegion': 'BE', 'postalCode': '10117', 'addressCountry': 'Germany'}}]","['Friedrichstraße 152, 10117 Berlin, Germany']",,,,['Full-time'],https://jobs.smartrecruiters.com/ENERTRAG/744000088824003--senior-manager-policy-advocacy-ptx-m-f-d-,ats,smartrecruiters,jobs.smartrecruiters.com,,['Berlin'],,,['Germany'],"['Berlin, Germany']",['Europe/Berlin'],[52.5182464],[13.3884982],False,enertrag.com
1888934995,2025-10-20T12:54:17.903,2025-10-20T12:57:07.442353,Intern - Marketing,Delivery Hero,,,"[{'address': {'addressLocality': 'Doha', 'addressCountry': 'Qatar'}}]","['Doha, Qatar']",,,,['Intern'],https://jobs.smartrecruiters.com/DeliveryHero/744000088822240-intern-marketing,ats,smartrecruiters,jobs.smartrecruiters.com,,['Doha'],,,['Qatar'],"['Doha, Qatar']",['Asia/Qatar'],[25.2856329],[51.5264162],False,deliveryhero.com
1888935002,2025-10-20T12:54:04.691,2025-10-20T12:57:07.926623,Concepteur Outillage F/H,Segula Technologies,,,"[{'address': {'addressLocality': 'Florange', 'addressRegion': 'Grand Est', 'addressCountry': 'France'}}]","['Florange, France']",,,,['Temps complet'],https://jobs.smartrecruiters.com/SegulaTechnologies/744000088820031-concepteur-outillage-f-h,ats,smartrecruiters,jobs.smartrecruiters.com,,['Florange'],['Moselle'],['Grand Est'],['France'],"['Florange, Grand Est, France']",['Europe/Paris'],[49.3278069],[6.122827],False,segulatechnologies.com
1888933972,2025-10-20T12:54:01,2025-10-20T12:54:51.094503,Accounting Manager,Sensei Ag,,,"[{'@type': 'Place', 'address': {'@type': 'PostalAddress', 'addressCountry': '', 'addressLocality': 'Remote (US East Coast, preferred)'}}]",,,,,,https://job-boards.greenhouse.io/senseiag/jobs/7501271003,ats,greenhouse,job-boards.greenhouse.io,,,,,,,,,,True,sensei.com
1888935026,2025-10-20T12:53:37.816,2025-10-20T12:57:08.471435,Chef,Greene King,,,"[{'address': {'streetAddress': 'White Hart - Weymouth, New Bond Street', 'addressLocality': 'Weymouth', 'addressRegion': 'Dorset', 'postalCode': 'DT4 8LY', 'addressCountry': 'United Kingdom'}}]","['White Hart - Weymouth, New Bond Street, Weymouth, Dorset, United Kingdom']",,,,['Full-time'],https://jobs.smartrecruiters.com/GreeneKing/744000088821532-chef,ats,smartrecruiters,jobs.smartrecruiters.com,,['Weymouth'],['Dorset'],['England'],['United Kingdom'],"['Weymouth, England, United Kingdom']",['Europe/London'],[50.610129],[-2.455513],False,greeneking.co.uk
1888935053,2025-10-20T12:53:36.497,2025-10-20T12:57:09.304181,OutSystems  Developer,TBCBANK,,,"[{'address': {'addressLocality': 'tbilisi', 'addressCountry': 'Georgia'}}]","['tbilisi, Georgia']",,,,['Full-time'],https://jobs.smartrecruiters.com/TBCBANK/744000088822721-outsystems-developer,ats,smartrecruiters,jobs.smartrecruiters.com,,['Tbilisi'],,,['Georgia'],"['Tbilisi, Georgia']",['Asia/Tbilisi'],[41.6934591],[44.8014495],False,tbcbank.ge
1888935062,2025-10-20T12:53:23.037,2025-10-20T12:57:09.712294,"IT Support Analyst (F,M,X)",AccorCorpo,,,"[{'address': {'addressLocality': 'London', 'addressRegion': 'England', 'addressCountry': 'United Kingdom'}}]","['London, UK']",,,,['Full-time'],https://jobs.smartrecruiters.com/AccorCorpo/744000088823865-it-support-analyst-f-m-x-,ats,smartrecruiters,jobs.smartrecruiters.com,,['London'],['Greater London'],['England'],['United Kingdom'],"['London, England, United Kingdom']",['Europe/London'],[51.5074456],[-0.1277653],False,accor.com
